<?xml version="1.0" encoding="utf-8"?>
<extension type="component" version="3.5" method="upgrade">
    <name>com_agosms</name>
    <author>Astrid Günther</author>
    <creationDate>2018-09-15</creationDate>
    <copyright>(C) 2018 Open Source Matters. All rights reserved.</copyright>
    <license>GNU General Public License version 2 or later;</license>
    <authorEmail>info@astrid-guenther.de</authorEmail>
    <authorUrl>www.astrid-guenther.de</authorUrl>
    <version>1.0.25</version>
    <description>COM_AGOSMS_XML_DESCRIPTION</description>
    <scriptfile>script.php</scriptfile>

    <install>
        <sql>
            <file charset="utf8" driver="mysql">sql/install.mysql.sql</file>
            <file charset="utf8" driver="postgresql">sql/install.postgresql.sql</file>
            <file charset="utf8" driver="sqlsrv">sql/install.sqlsrv.sql</file>
        </sql>
    </install>
    <uninstall>
        <sql>
            <file charset="utf8" driver="mysql">sql/uninstall.mysql.sql</file>
            <file charset="utf8" driver="postgresql">sql/uninstall.postgresql.sql</file>
            <file charset="utf8" driver="sqlsrv">sql/uninstall.sqlsrv.sql</file>
        </sql>
    </uninstall>
    <update>
        <schemas>
            <schemapath type="mysql">sql/updates/mysql</schemapath>
            <schemapath type="postgresql">sql/updates/postgresql</schemapath>
            <schemapath type="sqlsrv">sql/updates/sqlsrv</schemapath>
        </schemas>
    </update>

    <media folder="media" destination="com_agosms">
        <folder>leaflet</folder>
        <folder>js</folder>
    </media>

    <files folder="site">
        <folder>views</folder>
        <folder>helpers</folder>
        <folder>language</folder>
        <file>metadata.xml</file>
        <file>router.php</file>
        <folder>controllers</folder>
        <file>agosms.php</file>
        <file>controller.php</file>
        <folder>models</folder>
    </files>
    <administration>
        <menu img="class:agosms">com_agosms</menu>
        <submenu>
            <!--
                    Note that all & must be escaped to &amp; for the file to be valid
                    XML and be parsed by the installer
            -->
            <menu link="option=com_agosms" view="links" img="class:agosms"
                              alt="Agosms/Links">com_agosms_links</menu>
            <menu link="option=com_categories&amp;extension=com_agosms"
                              view="categories" img="class:agosms-cat" alt="Agosms/Categories">com_agosms_categories</menu>
        </submenu>
        <files folder="admin">
            <folder>views</folder>
            <folder>helpers</folder>
            <folder>language</folder>
            <file>access.xml</file>
            <folder>tables</folder>
            <folder>sql</folder>
            <folder>controllers</folder>
            <file>config.xml</file>
            <file>agosms.php</file>
            <file>controller.php</file>
            <folder>models</folder>
        </files>
    </administration>
</extension>

