<?xml version="1.0" encoding="UTF-8" ?>
<extension type="package" version="1.0" method="upgrade">
	<name>pkg_agosms</name>
	<packagename>agosms</packagename>
	<creationDate>2019-06-18</creationDate>
	<packager>Astrid Günther</packager>
	<copyright>(C)  2019 Astrid Günther. All rights reserved.</copyright>
	<packageremail>info@astrid-guenther.de</packageremail>
	<packagerurl>www.astrid-guenther.de</packagerurl>
	<author>Astrid Günther</author>
	<authorEmail>info@astrid-guenther.de</authorEmail>
	<authorUrl>www.astrid-guenther.de</authorUrl>
	<version>1.0.36</version>
	<license>GNU General Public License version 2 or later; see LICENSE.txt</license>
	<description>PKG_AGOSM_XML_DESCRIPTION</description>
	<scriptfile>script.php</scriptfile>
	<files>
		<!-- The id for each extension is the element stored in the DB -->
		<file type="component" id="com_agosms">com_agosms.zip</file>
		<file type="module" id="mod_agosm" client="site">mod_agosm.zip</file>
		<file type="plugin" id="agosmsmarker" group="fields">plg_fields_agosmsmarker.zip</file>
	</files>
	<languages folder="language">
		<language tag="en-GB">en-GB/en-GB.pkg_agosms.sys.ini</language>
		<language tag="de-DE">de-DE/de-DE.pkg_agosms.sys.ini</language>
	</languages>
	<updateservers>
		<server type="extension" name="Agosm Update Site">https://raw.githubusercontent.com/astridx/pkg_agosms/master/agosms-update.xml</server>
	</updateservers>
</extension>
