<?xml version="1.0" encoding="utf-8"?>
<form>
	<fields 
		name="fieldparams"
	>
		<fieldset name="fieldparams">
			<field
				name="addressfields"
				type="subform"
				label="PLG_AGOSMSADDRESSMARKER_ADDRESSFIELDS"
				layout="joomla.form.field.subform.repeatable-table"
				multiple="true"
				formsource="plugins/fields/agosmsaddressmarker/models/forms/address_data.xml"
			/>
			<field type="spacer" name="myspacer1" hr="true" />

			<field
				name="mapheight"
				type="number"
				default="400"
				label="PLG_AGOSMSADDRESSMARKER_HEIGHT"
				min="100"
				step="10"
			/>

			<field
				type="list"
				name="mapheightunit"
				label="PLG_AGOSMSADDRESSMARKER_HEIGHT_UNIT"
				default="px"
			>
				<option value="px">px (Pixel)</option>
				<option value="vh">vh (Viewport Height)</option>
			</field>

			<field type="spacer" name="myspacer2" hr="true" />

			<field
				name="maptype"
				type="list"
				default="openstreetmap"
				label="PLG_AGOSMSADDRESSMARKER_MAPTYPE"
			>
				<option value="openstreetmap">openstreetmap</option>
				<option value="mapbox">mapbox</option>
				<option value="google">google</option>
			</field>

			<field
				name="geocoder"
				type="list"
				default="openstreetmap"
				label="PLG_AGOSMSADDRESSMARKER_GEOCODER"
			>
				<option value="openstreetmap">openstreetmap_nominatim</option>
				<option value="mapbox">mapbox</option>
				<option value="google">google</option>
			</field>

			<field
				name="googlekey"
				type="text"
				default="openstreetmap"
				label="PLG_AGOSMSADDRESSMARKER_GOOGLEKEY"
				size="30"
				showon="maptype:google[OR]geocoder:google"
			/>
			<field
				name="mapboxkey"
				type="text"
				default="openstreetmap"
				label="PLG_AGOSMSADDRESSMARKER_MAPBOXKEY"
				size="30"
				showon="maptype:mapbox[OR]geocoder:mapbox[OR]routing_router:mapbox"
			/>
			<field type="spacer" name="myspacer3" hr="true" />
			<field
				name="scrollwheelzoom"
				type="radio"
				label="PLG_AGOSMSADDRESSMARKER_SRCOLLWHEELZOOM"
				default="1"
			>
				<option value="0">JNO</option>
				<option value="1">JYES</option>
				<option value="2">Google Gesture Handling</option>
			</field>
			<field
				name="owngooglegesturetext"
				type="radio"
				label="PLG_AGOSMSADDRESSMARKER_OWNGOOGLEGESTURETEXT"
				default="0"
				showon="scrollwheelzoom:2"
			>
				<option value="0">JNO</option>
				<option value="1">JYES</option>
			</field>
			<field 
				name="notescrollwheelzoom" 
				type="note" 
				label="PLG_AGOSMSADDRESSMARKER_SRCOLLWHEELZOOM" 
				description="PLG_AGOSMSADDRESSMARKER_SRCOLLWHEELZOOM_DESC" 
				class="alert" 
				close="true"
			/>
			<field 
				name="noteowngooglegesturetext" 
				type="note" 
				label="PLG_AGOSMSADDRESSMARKER_OWNGOOGLEGESTURETEXT" 
				description="PLG_AGOSMSADDRESSMARKER_OWNGOOGLEGESTURETEXT_DESC" 
				class="alert" 
				close="true"
				showon="owngooglegesturetext:1[AND]scrollwheelzoom:2"
			/>
			<field type="spacer" name="myspacer4" hr="true" />
			<field
				name="popup"
				type="radio"
				label="PLG_AGOSMSADDRESSMARKER_POPUP"
				default="0"
			>
				<option value="0">JNO</option>
				<option value="1">JYES (closed)</option>
				<option value="2">JYES (open)</option>
			</field>
			<field type="spacer" name="myspacer5" hr="true" />
			<field
				name="specialicon"
				type="radio"
				label="PLG_AGOSMSADDRESSMARKER_SPECIALICON"
				default="0"
			>
				<option value="0">JNO</option>
				<option value="1">JYES</option>
			</field>
			<field type="spacer" name="myspacer6" hr="true" />
			<field
				name="showroutingcontrol"
				type="radio"
				label="PLG_AGOSMSADDRESSMARKER_SHOWROUTINGCONTROL"
				default="0"
			>
				<option value="0">JNO</option>
				<option value="1">JYES</option>
			</field>
			<field
				name="routewhiledragging"
				type="list"
				default="false"
				label="PLG_AGOSMSADDRESSMARKER_ROUTEWHILEDRAGGING_LABEL"
				showon="showroutingcontrol:1"
			>
				<option value="true">JYES</option>
				<option value="false">JNO</option>
			</field>
			<field
				name="reverseWaypoints"
				type="list"
				label="PLG_AGOSMSADDRESSMARKER_REVERSEWAYPOINTS"
				default="false"
				showon="showroutingcontrol:1"
			>
				<option value="true">JYES</option>
				<option value="false">JNO</option>
			</field>
			<field
				name="collapsible"
				type="list"
				label="PLG_AGOSMSADDRESSMARKER_COLLAPSIBLE"
				default="false"
				showon="showroutingcontrol:1"
			>
				<option value="true">JYES</option>
				<option value="false">JNO</option>
			</field>
			<field
				name="showAlternatives"
				type="list"
				label="PLG_AGOSMSADDRESSMARKER_SHOWALTERNATIVES"
				default="false"
				showon="showroutingcontrol:1"
			>
				<option value="true">JYES</option>
				<option value="false">JNO</option>
			</field>
			<field
				name="fitSelectedRoutes"
				type="list"
				label="PLG_AGOSMSADDRESSMARKER_FITSELECTEDROUTES"
				default="true"
				showon="showroutingcontrol:1"
			>
				<option value="true">JYES</option>
				<option value="false">JNO</option>
			</field>
			<field
				type="list"
				name="routing_position"
				default="topright"
				label="PLG_AGOSMSADDRESSMARKER_POSITION_LABEL"
				showon="showroutingcontrol:1"
			>
				<option value="bottomleft">PLG_AGOSMSADDRESSMARKER_POSITION_BOTTOMLEFT</option>
				<option value="bottomright">PLG_AGOSMSADDRESSMARKER_POSITION_BOTTOMRIGHT</option>
				<option value="topleft">PLG_AGOSMSADDRESSMARKER_POSITION_TOPLEFT</option>
				<option value="topright">PLG_AGOSMSADDRESSMARKER_POSITION_TOPRIGHT</option>
			</field>
			<field
				type="list"
				name="routing_router"
				default="osrm"
				label="PLG_AGOSMSADDRESSMARKER_SHOWROUTING_ROUTER_LABEL"
				showon="showroutingcontrol:1"
			>
				<option value="mapbox">mapbox</option>
				<option value="osrm">osrm</option>
			</field>
			<field
				type="list"
				name="routinglanguage"
				default="de"
				label="PLG_AGOSMSADDRESSMARKER_LANGUAGEROUTING_LABEL"
				showon="showroutingcontrol:1"
			>
				<option value="de">de</option>
				<option value="fr">fr</option>
				<option value="en">en</option>
				<option value="nl">nl</option>
				<option value="es">es</option>
				<option value="it">it</option>
				<option value="pl">pl</option>
				<option value="sv">sv</option>
				<option value="tr">tr</option>
				<option value="uk">uk</option>
				<option value="vi">vi</option>
				<option value="zh-Hans">zh-Hans</option>
			</field>

			<field
				type="list"
				name="routingprofile"
				default="mapbox/driving"
				label="PLG_AGOSMSADDRESSMARKER_PROFILEOUTING_LABEL"
				showon="showroutingcontrol:1[AND]routing_router:mapbox"
			>
				<option value="mapbox/driving">mapbox/driving</option>
			</field>
			<field
				type="list"
				name="routingmetric"
				label="PLG_AGOSMSADDRESSMARKER_UNITROUTING_LABEL"
				default="metric"
				showon="showroutingcontrol:1[AND]routing_router:mapbox"
			>
				<option value="metric">MOD_AGOSM_METRIC</option>
				<option value="imperial">MOD_AGOSM_IMPERIAL</option>
			</field>
			<field 
				name="routing_simple_routertext" 
				type="note" 
				label="PLG_AGOSMSADDRESSMARKER_SHOWROUTING_ROUTER_LABEL" 
				description="PLG_AGOSMSADDRESSMARKER_SHOWROUTING_ROUTER_DESC" 
				class="alert" 
				close="true"
				showon="showroutingcontrol:1[AND]routing_router:mapbox"
			/>
			<field 
				name="showroutingcontroltext" 
				type="note" 
				label="PLG_AGOSMSADDRESSMARKER_SHOWROUTINGCONTROL" 
				description="PLG_AGOSMSADDRESSMARKER_SHOWROUTINGCONTROL_DESC" 
				class="alert" 
				close="true"
				showon="showroutingcontrol:1"
			/>
			<field type="spacer" name="myspacer7" hr="true" />
			<field type="spacer" name="myspacer8" hr="true" />
		</fieldset>
	</fields>
</form>
