<?xml version="1.0" encoding="utf-8" ?>
<extension type="plugin" version="3.7.0" group="fields" method="upgrade">
	<name>plg_fields_agosmsmarker</name>
	<author>Astrid Günther</author>
	<creationDate>2019-11-26</creationDate>
	<copyright>(C) 2019 Astrid Günther. All rights reserved.</copyright>
	<license>GNU General Public License version 2 or later; see LICENSE.txt</license>
	<authorEmail>info@astrid-guenther.de</authorEmail>
	<authorUrl>www.astrid-guenther.de</authorUrl>
	<version>1.0.63</version>
	<description>PLG_FIELDS_AGOSMSMARKER_XML_DESCRIPTION</description>
	<files>
		<file>agosmsmarker.xml</file>
<folder>tmpl</folder>
<folder>field</folder>
<folder>layouts</folder>
<file plugin="agosmsmarker">agosmsmarker.php</file>
<folder>params</folder>
	</files>
	<languages folder="administrator/language">
		<language tag="en-GB">en-GB/en-GB.plg_fields_agosmsmarker.ini</language>
<language tag="en-GB">en-GB/en-GB.plg_fields_agosmsmarker.sys.ini</language>
	</languages>

	<config>
		<fields name="params">
			<fieldset name="basic">
			</fieldset>
		</fields>
	</config>
</extension>
