<?xml version="1.0" encoding="utf-8"?>
<extension type="component" version="3.5" method="upgrade">
        <name>com_agosms</name>
	<author>Astrid Günther</author>
	<creationDate>2019-06-06</creationDate>
	<copyright>(C) 2019 Open Source Matters. All rights reserved.</copyright>
	<license>GNU General Public License version 2 or later;</license>
	<authorEmail>info@astrid-guenther.de</authorEmail>
	<authorUrl>www.astrid-guenther.de</authorUrl>
	<version>1.0.34</version>
	<description>COM_AGOSMS_XML_DESCRIPTION</description>
	<scriptfile>script.php</scriptfile>

	<install>
		<sql>
			<file charset="utf8" driver="mysql">sql/install.mysql.sql</file>
			<file charset="utf8" driver="postgresql">sql/install.postgresql.sql</file>
			<file charset="utf8" driver="sqlsrv">sql/install.sqlsrv.sql</file>
		</sql>
	</install>
	<uninstall>
		<sql>
			<file charset="utf8" driver="mysql">sql/uninstall.mysql.sql</file>
			<file charset="utf8" driver="postgresql">sql/uninstall.postgresql.sql</file>
			<file charset="utf8" driver="sqlsrv">sql/uninstall.sqlsrv.sql</file>
		</sql>
	</uninstall>
	<update>
		<schemas>
			<schemapath type="mysql">sql/updates/mysql</schemapath>
			<schemapath type="postgresql">sql/updates/postgresql</schemapath>
			<schemapath type="sqlsrv">sql/updates/sqlsrv</schemapath>
		</schemas>
	</update>

	<media folder="media/com_agosms" destination="com_agosms">
		<folder>js</folder>
	</media>

	<files folder="components/com_agosms">
		<folder>controllers</folder>
<file>controller.php</file>
<folder>models</folder>
<file>agosms.php</file>
<folder>helpers</folder>
<file>metadata.xml</file>
<file>router.php</file>
<folder>views</folder>
	</files>
	<languages folder="language">
		<language tag="de-DE">de-DE/de-DE.com_agosms.sys.ini</language>
<language tag="de-DE">de-DE/de-DE.com_agosms.ini</language>
<language tag="en-GB">en-GB/en-GB.com_agosms.sys.ini</language>
<language tag="en-GB">en-GB/en-GB.com_agosms.ini</language>
	</languages>
	<administration>
		<menu img="class:agosms">com_agosms</menu>
		<submenu>
			<!--
				Note that all & must be escaped to &amp; for the file to be valid
				XML and be parsed by the installer
			-->
			<menu link="option=com_agosms" view="links" img="class:agosms"
				alt="Agosms/Links">com_agosms_links</menu>
			<menu link="option=com_categories&amp;extension=com_agosms"
				view="categories" img="class:agosms-cat" alt="Agosms/Categories">com_agosms_categories</menu>
		</submenu>
		<files folder="administrator/components/com_agosms">
			<folder>controllers</folder>
<file>controller.php</file>
<folder>models</folder>
<file>agosms.php</file>
<file>access.xml</file>
<folder>tables</folder>
<file>script.php</file>
<folder>helpers</folder>
<folder>sql</folder>
<file>config.xml</file>
<file>agosms.xml</file>
<folder>views</folder>
		</files>
		<languages folder="administrator/language">
			<language tag="de-DE">de-DE/de-DE.com_agosms.sys.ini</language>
<language tag="de-DE">de-DE/de-DE.com_agosms.ini</language>
<language tag="en-GB">en-GB/en-GB.com_agosms.sys.ini</language>
<language tag="en-GB">en-GB/en-GB.com_agosms.ini</language>
		</languages>
	</administration>
</extension>

