<?xml version="1.0" encoding="utf-8" ?>
<extension type="component" method="upgrade">
	<name>COM_AGOSMS</name>
	<author>Astrid Günther</author>
	<creationDate>2020-03-30</creationDate>
	<copyright>(C) 2020 Open Source Matters. All rights reserved.</copyright>
	<license>GNU General Public License version 2 or later;</license>
	<authorEmail>info@astrid-guenther.de</authorEmail>
	<authorUrl>www.astrid-guenther.de</authorUrl>
	<version>2.0.0</version>
	<description>COM_AGOSMS_XML_DESCRIPTION</description>
	<namespace path="src">Joomla\Component\Agosms</namespace>
	<scriptfile>script.php</scriptfile>
	<install> <!-- Runs on install -->
		<sql>
			<file driver="mysql" charset="utf8">sql/install.mysql.utf8.sql</file>
		</sql>
	</install>
	<uninstall> <!-- Runs on uninstall -->
		<sql>
			<file driver="mysql" charset="utf8">sql/uninstall.mysql.utf8.sql</file>
		</sql>
	</uninstall>
	<update>  <!-- Runs on update -->
		<schemas>
			<schemapath type="mysql">sql/updates/mysql</schemapath>
		</schemas>
	</update>
	<media folder="media/com_agosms" destination="com_agosms">
		<folder>css</folder>
<folder>js</folder>
	</media>

	<files folder="components/com_agosms">
		<folder>tmpl</folder>
<folder>src</folder>
<folder>forms</folder>
<folder>language</folder>
	</files>
	<!-- Back-end files -->
	<administration>
		<menu img="class:comment">
			COM_AGOSMS
			<params>
				<dashboard>agosms</dashboard>
			</params>
		</menu>
		<submenu>
			<menu link="option=com_agosms">
				COM_AGOSMS
				<params>
					<menu-quicktask-title>COM_AGOSMS</menu-quicktask-title>
					<menu-quicktask>index.php?option=com_agosms&amp;view=agosm&amp;layout=edit</menu-quicktask>
				</params>
			</menu>
			<menu link="option=com_categories&amp;extension=com_agosms"
				view="categories" img="class:agosms-cat" alt="Agosms/Categories">
				JCATEGORY
				<params>
					<menu-quicktask-title>JCATEGORY</menu-quicktask-title>
					<menu-quicktask>index.php?option=com_categories&amp;view=category&amp;layout=edit&amp;extension=com_agosms</menu-quicktask>
				</params>
			</menu>
		</submenu>
		<files folder="administrator/components/com_agosms">
			<file>access.xml</file>
<folder>tmpl</folder>
<file>script.php</file>
<folder>src</folder>
<folder>services</folder>
<folder>forms</folder>
<folder>sql</folder>
<folder>layouts</folder>
<folder>presets</folder>
<file>config.xml</file>
<folder>language</folder>
<file>agosms.xml</file>
		</files>
	</administration>
	<api>
		<files folder="api/components/com_agosms">
			
		</files>
	</api>
	<changelogurl>https://raw.githubusercontent.com/astridx/boilerplate/tutorial/changelog.xml</changelogurl>
	<updateservers>
		<server type="extension" name="Agosm Updates">https://raw.githubusercontent.com/astridx/boilerplate/tutorial/agosm_update.xml</server>
	</updateservers>
	<dlid prefix="dlid=" suffix="" />
</extension>
