<?xml version="1.0" encoding="utf-8"?>
<extension version="3.7" type="plugin" group="installer" method="upgrade">
    <name>plg_installer_agosminstaller</name>
    <author>Astrid Günther</author>
    <creationDate>2018-09-15</creationDate>
    <copyright>(C) 2018 Open Source Matters. All rights reserved.</copyright>
    <license>GNU General Public License version 2 or later; see LICENSE.txt</license>
    <authorEmail>info@astrid-guenther.de</authorEmail>
    <authorUrl>www.astrid-guenther.de</authorUrl>
    <version>1.0.25</version>
    <description>PLG_INSTALLER_AGOSM_XML_DESCRIPTION</description>
    <files>
        <folder>language</folder>
        <file plugin="agosminstaller">agosminstaller.php</file>
    </files>
</extension>
