<?xml version="1.0" encoding="utf-8"?>
<extension version="3.7" type="plugin" group="content" method="upgrade">
    <name>plg_content_agosm</name>
    <author>Astrid Günther</author>
    <creationDate>2018-09-15</creationDate>
    <copyright>(C) 2018 Astrid Günther. All rights reserved.</copyright>
    <license>GNU General Public License version 2 or later; see LICENSE.txt</license>
    <authorEmail>info@astrid-guenther.de</authorEmail>
    <authorUrl>www.astrid-guenther.de</authorUrl>
    <version>1.0.25</version>
    <description>PLG_FINDER_AGOSM_XML_DESCRIPTION</description>
    <files>
        <folder>language</folder>
        <file plugin="agosm">agosm.php</file>
    </files>
</extension>
