<?xml version="1.0" encoding="utf-8"?>
<metadata>
	<layout title="COM_AGOSMS_AGOSM_VIEW_WITHHEAD_TITLE">
		<message>
			<![CDATA[COM_AGOSMS_AGOSM_VIEW_WITHHEAD_DESC]]>
		</message>
	</layout>
	<!-- Add fields to the request variables for the layout. -->
	<fields name="request">
		<fieldset name="request"
			addfieldprefix="Joomla\Component\Agosms\Administrator\Field"
		>
			<field
				name="id"
				type="modal_agosm"
				label="COM_AGOSMS_SELECT_AGOSM_LABEL"
				required="true"
				select="true"
				new="true"
				edit="true"
				clear="true"
			/>
		</fieldset>
	</fields>
</metadata>
